{
  "notes": [
    {
      "id": 1,
      "content": "HTML is easy",
      "date": "2022-1-17T17:30:31.098Z",
      "important": true
    },
    {
      "id": 2,
      "content": "Browser can execute only JavaScript",
      "date": "2022-1-17T18:39:34.091Z",
      "important": false
    },
    {
      "id": 3,
      "content": "GET and POST are the most important methods of HTTP protocol",
      "date": "2022-1-17T19:20:14.298Z",
      "important": true
    },
    {
      "content": "Testing REST client",
      "important": true,
      "id": 4
    },
    {
      "content": "Another REST client",
      "important": false,
      "id": 5
    }
  ]
}